{"_step": 119, "_runtime": 10403.418115854263, "_timestamp": 1595301519.4744816, "loss": "[11900/12500]\n        D: -1.17e+06\n        En_Ge: 5.29e+05\n        Code: 1.68e+03"}
