{"loss": "[100/12500]\n        D: -1.55e+03\n        En_Ge: 1.27e+03\n        Code: 8.71    ", "_timestamp": 1596368143.2780807, "_step": 1, "_runtime": 101.0824625492096}
