{"_step": 1, "loss": "[100/12500]\n        D: -1.57e+03\n        En_Ge: 1.15e+03\n        Code: 6.6     ", "_timestamp": 1595060468.862743, "_runtime": 90.97856378555298}
