{"_step": 23, "_runtime": 2422.0861644744873, "_timestamp": 1595290870.8592474, "loss": "[2300/12500]\n        D: -8.57e+04\n        En_Ge: 3.96e+04\n        Code: 49.6    "}
