{"_timestamp": 1595340278.274254, "_step": 0, "_runtime": 10.932365894317627, "loss": "[11500/12500]\n        D: 2.01e+03\n        En_Ge: 4.99e+05\n        Code: 2.3e+04 "}
