{"_runtime": 9.283686637878418, "loss": "[0/12500]\n        D: 20.0    \n        En_Ge: 4.24e+02\n        Code: 2.64    ", "_timestamp": 1595061740.2450457, "_step": 0}
