{"_timestamp": 1596009873.650886, "_step": 48, "_runtime": 4531.890389442444, "loss": "[4800/12500]\n        D: -2.74e+05\n        En_Ge: 1.25e+05\n        Code: 4.24e+02"}
