{"_runtime": 100.2244713306427, "_timestamp": 1596376312.918976, "loss": "[1100/12500]\n        D: -2.77e+04\n        En_Ge: 1.37e+04\n        Code: 20.8    ", "_step": 1}
