{"loss": "[11000/12500]\n        D: -1.06e+06\n        En_Ge: 4.86e+05\n        Code: 2.2e+03 ", "_step": 110, "_runtime": 9557.314215421677, "_timestamp": 1595917884.3122303}
