{"_step": 1, "_timestamp": 1594131484.3454795, "_runtime": 178.23379564285278, "loss": "[12100/12500]\n        D: -2.17   \n        En_Ge: -2.46e+04\n        Code: 1.77e+03"}
