index,mmd_score,std
1000,1166.289566532258,10.201717757209892
2000,2982.903981854838,35.81857586260361
3000,1315.5965221774193,23.74174998618875
4000,869.3959173387096,7.430501365751359
