{"loss": "[0/12500]\n        D: 20.2    \n        En_Ge: 2.63e+02\n        Code: 3.93    ", "_timestamp": 1595896000.8171103, "_step": 0, "_runtime": 6.248263597488403}
