{"loss": "[1200/12500]\n        D: -3.22e+04\n        En_Ge: 1.57e+04\n        Code: 50.0    ", "_timestamp": 1596370491.1784968, "_step": 12, "_runtime": 1149.0110173225403}
