index,mmd_score,std
1000,1.1186356902122498,0.008170274844064969
