index,mmd_score,std
1000,0.0507033720612526,0.0007381334069159021
5000,0.04249188601970673,0.0009098963291056477
10000,0.09452801719307903,0.0018872224335875847
15000,0.1216098539531231,0.00221217179217387
20000,0.0891434520483017,0.0013369889179321226
25000,0.04982908256351948,0.0010571095947959467
30000,0.051387263461947434,0.0006018765250010091
35000,0.04955694302916527,0.0008339626458079389
40000,0.052444457262754436,0.0006293420565728204
45000,0.05348905622959137,0.0003479928949665084
