index,mmd_score,std
0,702.8989196777344,14.453374255774799
