{"loss": "[100/12500]\n        D: -1.52e+03\n        En_Ge: 1.24e+03\n        Code: 9.23    ", "_step": 1, "_runtime": 90.77166152000427, "_timestamp": 1595906357.2048464}
