d_real_loss,d_recon,d_fake,err_enc
-0.9113359451293945,0.4207867681980133,0.2676888406276703,0.1643579602241516
