index,mmd_score,std
1000,1.9941242933273315,0.0
5000,1.9489448070526123,0.0
5000,1.9375739097595215,0.0
