{"_step": 10, "_runtime": 1111.2256653308868, "loss": "[11500/12000]\n        D: -0.991  \n        En_Ge: -2.32e+04\n        Code: 2.22e+03", "_timestamp": 1594082701.0533316}
