{"_step": 29, "_timestamp": 1595135980.289351, "loss": "[3400/12500]\n        D: -1.48e+05\n        En_Ge: 6.81e+04\n        Code: 1.04e+02", "_runtime": 2405.827927350998}
