{"loss": "[900/12500]\n        D: -2.12e+04\n        En_Ge: 1.04e+04\n        Code: 6.1     ", "_timestamp": 1595896798.61117, "_step": 9, "_runtime": 788.1005818843842}
