index,mmd_score,std
500,3.3339323997497563,0.0
1000,3.163454055786133,0.0
