index,mmd_score,std
1000,1.3777981996536257,0.0
2000,1.474174976348877,0.0
3000,1.2433184385299685,0.0
4000,1.016890287399292,0.0
5000,0.9261801242828369,0.0
