index,mmd_score,std
1000,1.9394633769989007,0.0
5000,1.9317044019699097,0.0
10000,1.8906145095825195,0.0
15000,1.9500125646591187,0.0
