{"_timestamp": 1594052035.3064387, "_step": 45, "_runtime": 5013.736686706543, "loss": "[10500/12000]\n        D: -7.89   \n        En_Ge: -2.05e+04\n        Code: 6.41e+02"}
