{"_step": 4, "_runtime": 455.5121395587921, "_timestamp": 1594083894.4887302, "loss": "[11900/12000]\n        D: -2.64   \n        En_Ge: -2.37e+04\n        Code: 5.06e+03"}
