{"_timestamp": 1595340445.726163, "_step": 1, "_runtime": 118.21148014068604, "loss": "[100/12500]\n        D: -41.3   \n        En_Ge: -1.11e+02\n        Code: 6.56    "}
