index,mmd_score,std
1000,0.05050608478486538,0.000788264440791355
5000,0.07864156141877174,0.0009118433214713894
10000,0.0543651957064867,0.00023440547549686636
15000,0.03994543291628361,0.0006597966818337389
