{"loss": "[500/12500]\n        D: -8.55e+03\n        En_Ge: 5.31e+03\n        Code: 0.823   ", "_step": 0, "_runtime": 9.113870859146118, "_timestamp": 1595906233.7742496}
