index,mmd_score,std
1,192.09816787719726,0.7929304614872524
