index,mmd_score,std
1,0.037429516762495035,0.000640711878373294
10,0.03779787346720696,0.0008579218800752269
100,0.03752463087439537,0.00043341378699262683
1000,0.037294716015458106,0.000904386784885639
