index,mmd_score,std
1000,0.05737343691289425,0.0005159675662953603
5000,0.08176889717578888,0.0008991307520863932
10000,0.06606697365641594,0.0007056705449234406
15000,0.06049019172787666,0.0013820443301060955
20000,0.05509185865521432,0.001145038565116751
25000,0.05999152734875679,0.0006217791046253576
30000,0.04966892041265965,0.000829613308831499
35000,0.05352249778807163,0.0007364359042911628
40000,0.05102206282317638,0.0005962301054957251
45000,0.04832952171564102,0.0004947842908231115
