index,mmd_score,std
1,675.3505364990234,15.010460190270427
