index,mmd_score,std
1,0.7310940504074097,0.004395809649554464
10,0.7298031747341156,0.008581498785811097
100,0.7287346661090851,0.008659481617690956
1000,0.7360041677951813,0.0067195174881566
1,0.7294511634111405,0.008328117689447578
1,0.5863940244913102,0.001382124764113257
