index,ssim
1,0.82709801197052
10,0.8269377350807191
100,0.8255810141563416
1000,0.8281300067901611
