{"_step": 4, "_timestamp": 1595128212.6261516, "_runtime": 336.5824592113495, "loss": "[400/12500]\n        D: -7.53e+03\n        En_Ge: 4.08e+03\n        Code: 5.92    "}
