{"_runtime": 1113.5275223255157, "_timestamp": 1593947813.2385755, "loss": "[6000/12000]\n        D: -8.21   \n        En_Ge: -8.4e+03\n        Code: 3.52e+02", "_step": 10}
