{"loss": "[800/12500]\n        D: -1.8e+04\n        En_Ge: 9.01e+03\n        Code: 5.37    ", "_step": 8, "_timestamp": 1595128950.1517453, "_runtime": 674.4620225429535}
