{"loss": "[200/12500]\n        D: -3.4e+03\n        En_Ge: 1.89e+03\n        Code: 5.33    ", "_timestamp": 1595895729.7973864, "_step": 2, "_runtime": 175.3959560394287}
